clip,rep,person,view,truth,Rule: hip below knee,Rule: knee angle,DL: CNN,DL: LSTM
squat_diag_m1_6_7.mp4,0,m1,diagonal,0,0.514,95.3405,0.5496,0.6451
squat_diag_m1_6_7.mp4,1,m1,diagonal,0,0.5216,90.0165,0.3187,0.5044
squat_diag_m1_6_7.mp4,2,m1,diagonal,0,0.6,93.0043,0.3863,0.6394
squat_diag_m1_6_7.mp4,3,m1,diagonal,0,0.5855,91.1309,0.2497,0.549
squat_diag_m1_6_7.mp4,4,m1,diagonal,0,0.5555,91.3789,0.4906,0.6943
squat_diag_m1_6_7.mp4,5,m1,diagonal,0,0.4761,84.5902,0.1041,0.6007
squat_diag_m1_6_7.mp4,6,m1,diagonal,1,0.9214,141.1088,0.8577,0.904
squat_diag_m1_6_7.mp4,7,m1,diagonal,1,0.9247,139.0131,0.5524,0.8842
squat_diag_m1_6_7.mp4,8,m1,diagonal,1,0.9343,146.4034,0.9911,0.9291
squat_diag_m1_6_7.mp4,9,m1,diagonal,1,0.7272,107.1955,0.9498,0.8476
squat_diag_m1_6_7.mp4,10,m1,diagonal,1,0.4268,81.409,1.0,0.9296
squat_diag_m1_6_7.mp4,11,m1,diagonal,1,0.3385,70.8333,0.9982,0.9199
squat_diag_m1_6_7.mp4,12,m1,diagonal,1,0.3521,76.7484,1.0,0.942
squat_diag_m2_8_6.mp4,0,m2,diagonal,0,0.2822,76.777,0.0201,0.1234
squat_diag_m2_8_6.mp4,1,m2,diagonal,1,0.7823,127.8636,0.9855,0.97
squat_diag_m2_8_6.mp4,2,m2,diagonal,0,0.451,98.7724,0.0446,0.2079
squat_diag_m2_8_6.mp4,3,m2,diagonal,1,0.6738,120.288,0.8346,0.8315
squat_diag_m2_8_6.mp4,4,m2,diagonal,0,0.3068,85.0724,0.144,0.1776
squat_diag_m2_8_6.mp4,5,m2,diagonal,0,0.3256,80.3631,0.1854,0.1818
squat_diag_m2_8_6.mp4,6,m2,diagonal,0,0.2621,84.2958,0.057,0.1672
squat_diag_m2_8_6.mp4,7,m2,diagonal,1,0.7502,123.3045,0.9747,0.9651
squat_diag_m2_8_6.mp4,8,m2,diagonal,0,0.2757,81.3007,0.0587,0.182
squat_diag_m2_8_6.mp4,9,m2,diagonal,1,0.7067,123.2802,0.5407,0.7197
squat_diag_m2_8_6.mp4,10,m2,diagonal,1,0.5865,108.1188,0.2415,0.4823
squat_diag_m2_8_6.mp4,11,m2,diagonal,1,0.3527,93.2842,0.151,0.2417
squat_diag_m2_8_6.mp4,12,m2,diagonal,0,0.302,83.9768,0.2986,0.2
squat_diag_m2_8_6.mp4,13,m2,diagonal,0,0.2344,79.3431,0.0505,0.1736
squat_diag_m3_12_0.mp4,0,m3,diagonal,0,0.3201,96.3598,0.4444,0.494
squat_diag_m3_12_0.mp4,1,m3,diagonal,0,0.2747,93.8097,0.4548,0.4321
squat_diag_m3_12_0.mp4,2,m3,diagonal,0,0.1368,82.1816,0.0127,0.2106
squat_diag_m3_12_0.mp4,3,m3,diagonal,0,0.2093,80.7721,0.0043,0.1418
squat_diag_m3_12_0.mp4,4,m3,diagonal,0,0.2728,86.2043,0.006,0.1801
squat_diag_m3_12_0.mp4,5,m3,diagonal,0,0.2358,83.9893,0.003,0.1797
squat_diag_m3_12_0.mp4,6,m3,diagonal,0,0.2185,82.313,0.005,0.1554
squat_diag_m3_12_0.mp4,7,m3,diagonal,0,0.1243,78.0178,0.0023,0.1188
squat_diag_m3_12_0.mp4,8,m3,diagonal,0,0.1873,80.3435,0.0018,0.1289
squat_diag_m3_12_0.mp4,9,m3,diagonal,0,0.1545,77.2305,0.0101,0.1214
squat_diag_m3_12_0.mp4,10,m3,diagonal,0,0.201,73.5818,0.0046,0.1389
squat_diag_m3_12_0.mp4,11,m3,diagonal,0,0.1681,72.9362,0.0019,0.1258
squat_diag_m4_5_7.mp4,0,m4,diagonal,1,0.5889,99.7736,0.9979,0.9603
squat_diag_m4_5_7.mp4,1,m4,diagonal,0,0.5252,97.0405,0.8443,0.9438
squat_diag_m4_5_7.mp4,2,m4,diagonal,1,0.8205,129.2679,0.9999,0.9878
squat_diag_m4_5_7.mp4,3,m4,diagonal,1,0.7632,122.8321,0.9999,0.9868
squat_diag_m4_5_7.mp4,4,m4,diagonal,1,0.8556,134.3186,0.9999,0.9885
squat_diag_m4_5_7.mp4,5,m4,diagonal,0,0.4897,100.2218,0.9228,0.949
squat_diag_m4_5_7.mp4,6,m4,diagonal,0,0.4674,97.6943,0.7558,0.898
squat_diag_m4_5_7.mp4,7,m4,diagonal,0,0.4088,91.362,0.3489,0.6662
squat_diag_m4_5_7.mp4,8,m4,diagonal,0,0.327,94.5852,0.0872,0.6791
squat_diag_m4_5_7.mp4,9,m4,diagonal,1,0.8376,129.4803,1.0,0.9882
squat_diag_m4_5_7.mp4,10,m4,diagonal,1,0.7404,122.8384,0.9998,0.9875
squat_diag_m4_5_7.mp4,11,m4,diagonal,1,0.7519,124.4026,0.9997,0.9854
squat_diag_w1_9_3.mp4,0,w1,diagonal,0,0.1484,66.5685,0.0,0.0538
squat_diag_w1_9_3.mp4,1,w1,diagonal,0,0.21,65.8289,0.0,0.0558
squat_diag_w1_9_3.mp4,2,w1,diagonal,0,0.0966,61.0888,0.0,0.0528
squat_diag_w1_9_3.mp4,3,w1,diagonal,0,0.1325,66.0055,0.0,0.0559
squat_diag_w1_9_3.mp4,4,w1,diagonal,0,0.5977,100.0187,0.0018,0.0935
squat_diag_w1_9_3.mp4,5,w1,diagonal,1,0.7717,115.4378,0.037,0.2904
squat_diag_w1_9_3.mp4,6,w1,diagonal,1,0.8518,124.1148,0.0511,0.4752
squat_diag_w1_9_3.mp4,7,w1,diagonal,1,0.1844,70.1131,0.0,0.0572
squat_diag_w1_9_3.mp4,8,w1,diagonal,0,0.2295,69.7815,0.0,0.059
squat_diag_w1_9_3.mp4,9,w1,diagonal,0,0.1578,68.8927,0.0,0.0585
squat_diag_w1_9_3.mp4,10,w1,diagonal,0,0.1954,72.4172,0.0,0.0603
squat_diag_w1_9_3.mp4,11,w1,diagonal,0,0.3162,69.8514,0.0,0.0613
squat_diag_w2_5_7.mp4,0,w2,diagonal,0,0.8393,126.3047,0.99,0.9807
squat_diag_w2_5_7.mp4,1,w2,diagonal,0,0.8908,139.8933,0.9899,0.9834
squat_diag_w2_5_7.mp4,2,w2,diagonal,0,0.706,106.9109,0.9957,0.977
squat_diag_w2_5_7.mp4,3,w2,diagonal,0,0.8282,120.7084,0.9956,0.9851
squat_diag_w2_5_7.mp4,4,w2,diagonal,0,0.7885,126.4833,0.9949,0.9842
squat_diag_w2_5_7.mp4,5,w2,diagonal,1,0.8059,128.4577,0.9994,0.9892
squat_diag_w2_5_7.mp4,6,w2,diagonal,1,0.8358,130.9965,0.9982,0.9883
squat_diag_w2_5_7.mp4,7,w2,diagonal,1,0.8448,129.7316,0.995,0.9883
squat_diag_w2_5_7.mp4,8,w2,diagonal,1,0.8214,130.2055,0.9978,0.9904
squat_diag_w2_5_7.mp4,9,w2,diagonal,1,0.8602,134.1493,0.9984,0.9923
squat_diag_w2_5_7.mp4,10,w2,diagonal,1,0.8797,136.7718,0.9994,0.9936
squat_diag_w2_5_7.mp4,11,w2,diagonal,1,0.8629,135.375,0.9959,0.994
squat_diag_w4_10_3.mp4,0,w4,diagonal,0,0.4694,106.6601,0.702,0.9027
squat_diag_w4_10_3.mp4,1,w4,diagonal,0,0.5697,113.5193,0.6524,0.8929
squat_diag_w4_10_3.mp4,2,w4,diagonal,0,0.5383,110.0922,0.3098,0.8595
squat_diag_w4_10_3.mp4,3,w4,diagonal,1,0.3687,100.4714,0.0865,0.9842
squat_diag_w4_10_3.mp4,4,w4,diagonal,0,0.4166,102.1318,0.7339,0.9893
squat_diag_w4_10_3.mp4,5,w4,diagonal,1,0.2386,95.3821,0.9858,0.9051
squat_diag_w4_10_3.mp4,6,w4,diagonal,0,0.4655,105.0414,0.9986,0.9973
squat_diag_w4_10_3.mp4,7,w4,diagonal,0,0.3459,101.6087,0.1565,0.5195
squat_diag_w4_10_3.mp4,8,w4,diagonal,0,0.2986,96.9442,0.1099,0.478
squat_diag_w4_10_3.mp4,9,w4,diagonal,1,0.6898,123.4913,0.9953,0.9886
squat_diag_w4_10_3.mp4,10,w4,diagonal,0,0.2129,88.2301,0.0622,0.3865
squat_diag_w4_10_3.mp4,11,w4,diagonal,0,0.4634,109.0666,0.4014,0.8622
squat_diag_w4_10_3.mp4,12,w4,diagonal,0,0.4793,111.8682,0.5771,0.9744
squat_front_m1_9_4.mp4,0,m1,front,0,0.0783,69.4224,0.0134,0.0537
squat_front_m1_9_4.mp4,1,m1,front,0,-0.0274,63.2524,0.0122,0.0519
squat_front_m1_9_4.mp4,2,m1,front,0,-0.0706,65.3149,0.0175,0.0497
squat_front_m1_9_4.mp4,3,m1,front,0,0.076,67.8009,0.0177,0.0501
squat_front_m1_9_4.mp4,4,m1,front,0,-0.084,67.8786,0.0148,0.0494
squat_front_m1_9_4.mp4,5,m1,front,0,0.0646,66.936,0.02,0.049
squat_front_m1_9_4.mp4,6,m1,front,0,0.1277,68.0034,0.0136,0.0503
squat_front_m1_9_4.mp4,7,m1,front,0,0.016,64.6063,0.0149,0.0497
squat_front_m1_9_4.mp4,8,m1,front,0,-0.2396,58.2991,0.0138,0.0466
squat_front_m1_9_4.mp4,9,m1,front,1,0.7593,121.5312,0.9819,0.8268
squat_front_m1_9_4.mp4,10,m1,front,1,0.0971,63.9316,0.0782,0.0496
squat_front_m1_9_4.mp4,11,m1,front,1,-0.2946,58.1632,0.0284,0.0458
squat_front_m1_9_4.mp4,12,m1,front,1,0.1806,71.9674,0.0314,0.0535
squat_front_m2_13_0.mp4,0,m2,front,0,0.4747,90.2584,0.0568,0.1433
squat_front_m2_13_0.mp4,1,m2,front,0,0.4203,89.7502,0.0629,0.1413
squat_front_m2_13_0.mp4,2,m2,front,0,0.2742,81.4843,0.0626,0.1217
squat_front_m2_13_0.mp4,3,m2,front,0,0.3198,79.867,0.0382,0.1241
squat_front_m2_13_0.mp4,4,m2,front,0,0.4746,89.7191,0.024,0.1437
squat_front_m2_13_0.mp4,5,m2,front,0,0.2509,82.6514,0.1015,0.1252
squat_front_m2_13_0.mp4,6,m2,front,0,0.4786,89.8867,0.0457,0.1445
squat_front_m2_13_0.mp4,7,m2,front,0,0.1852,72.3556,0.0532,0.1137
squat_front_m2_13_0.mp4,8,m2,front,0,0.2893,72.3972,0.0703,0.1176
squat_front_m2_13_0.mp4,9,m2,front,0,0.2876,71.344,0.0524,0.1204
squat_front_m2_13_0.mp4,10,m2,front,0,0.3127,66.8538,0.0751,0.1166
squat_front_m2_13_0.mp4,11,m2,front,0,0.3876,81.8849,0.1073,0.1319
squat_front_m2_13_0.mp4,12,m2,front,0,0.1813,76.5502,0.0295,0.1204
squat_front_m3_9_3.mp4,0,m3,front,1,0.8349,132.3296,0.976,0.9204
squat_front_m3_9_3.mp4,1,m3,front,0,0.6305,111.8593,0.9812,0.4236
squat_front_m3_9_3.mp4,2,m3,front,1,0.7966,126.5866,0.9956,0.9155
squat_front_m3_9_3.mp4,3,m3,front,0,0.577,106.9842,0.8988,0.3306
squat_front_m3_9_3.mp4,4,m3,front,0,0.5859,107.0148,0.9597,0.3473
squat_front_m3_9_3.mp4,5,m3,front,0,0.5469,103.8815,0.8058,0.2989
squat_front_m3_9_3.mp4,6,m3,front,0,0.6114,110.1802,0.9628,0.5597
squat_front_m3_9_3.mp4,7,m3,front,0,0.6325,110.9101,0.9691,0.5948
squat_front_m3_9_3.mp4,8,m3,front,0,0.4425,97.0546,0.8103,0.1941
squat_front_m3_9_3.mp4,9,m3,front,0,0.4846,99.0672,0.4625,0.2042
squat_front_m3_9_3.mp4,10,m3,front,1,0.7355,122.245,0.9963,0.9321
squat_front_m3_9_3.mp4,11,m3,front,0,0.736,121.7708,0.9958,0.7799
squat_front_m4_6_6.mp4,0,m4,front,0,0.1345,85.6572,0.3599,0.1309
squat_front_m4_6_6.mp4,1,m4,front,0,0.1494,82.9855,0.5232,0.1326
squat_front_m4_6_6.mp4,2,m4,front,0,0.3415,92.9326,0.8808,0.2457
squat_front_m4_6_6.mp4,3,m4,front,0,-0.0079,75.7011,0.3008,0.122
squat_front_m4_6_6.mp4,4,m4,front,0,0.2295,87.8064,0.9429,0.2849
squat_front_m4_6_6.mp4,5,m4,front,0,0.1903,85.6539,0.7283,0.1409
squat_front_m4_6_6.mp4,6,m4,front,1,0.5128,90.2527,0.5455,0.3883
squat_front_m4_6_6.mp4,7,m4,front,1,0.8056,68.6391,0.9995,0.9698
squat_front_m4_6_6.mp4,8,m4,front,1,0.5651,66.184,0.0571,0.124
squat_front_m4_6_6.mp4,9,m4,front,1,0.3067,6.7859,0.33,0.122
squat_front_m4_6_6.mp4,10,m4,front,1,0.1914,89.5287,0.3158,0.3383
squat_front_m4_6_6.mp4,11,m4,front,1,0.3584,101.8788,0.9922,0.5754
squat_front_w1_9_3.mp4,0,w1,front,0,0.1256,66.8126,0.0022,0.0727
squat_front_w1_9_3.mp4,1,w1,front,0,0.1419,61.6741,0.0046,0.0715
squat_front_w1_9_3.mp4,2,w1,front,0,0.1472,67.0627,0.0035,0.0739
squat_front_w1_9_3.mp4,3,w1,front,0,0.1231,61.9569,0.003,0.0703
squat_front_w1_9_3.mp4,4,w1,front,1,0.8408,125.224,0.7802,0.8307
squat_front_w1_9_3.mp4,5,w1,front,1,0.8439,124.2735,0.7675,0.7479
squat_front_w1_9_3.mp4,6,w1,front,0,0.1913,70.7868,0.0047,0.0757
squat_front_w1_9_3.mp4,7,w1,front,1,0.0195,60.4671,0.0143,0.069
squat_front_w1_9_3.mp4,8,w1,front,0,0.0854,63.9136,0.012,0.0749
squat_front_w1_9_3.mp4,9,w1,front,0,0.1382,67.7441,0.0028,0.0738
squat_front_w1_9_3.mp4,10,w1,front,0,0.1718,66.8024,0.0032,0.0747
squat_front_w1_9_3.mp4,11,w1,front,0,0.2413,70.3698,0.0034,0.0771
squat_front_w2_9_3.mp4,0,w2,front,0,0.0256,62.7925,0.079,0.1287
squat_front_w2_9_3.mp4,1,w2,front,0,0.1304,72.1944,0.0326,0.1446
squat_front_w2_9_3.mp4,2,w2,front,0,0.0992,72.0065,0.061,0.1668
squat_front_w2_9_3.mp4,3,w2,front,1,0.5128,116.9548,0.9348,0.5396
squat_front_w2_9_3.mp4,4,w2,front,1,0.5415,110.3971,0.9397,0.5611
squat_front_w2_9_3.mp4,5,w2,front,0,0.1045,68.9278,0.0378,0.1417
squat_front_w2_9_3.mp4,6,w2,front,1,0.6173,118.6444,0.998,0.7
squat_front_w2_9_3.mp4,7,w2,front,0,0.0676,66.965,0.0434,0.1394
squat_front_w2_9_3.mp4,8,w2,front,0,0.2173,75.433,0.0321,0.1516
squat_front_w2_9_3.mp4,9,w2,front,0,0.2068,73.1844,0.0537,0.152
squat_front_w2_9_3.mp4,10,w2,front,0,0.0521,65.53,0.0597,0.1329
squat_front_w2_9_3.mp4,11,w2,front,0,0.1053,68.4758,0.0885,0.1494
squat_front_w4_12_0.mp4,0,w4,front,0,0.3846,81.8767,0.0467,0.1594
squat_front_w4_12_0.mp4,1,w4,front,0,0.2668,80.0354,0.0288,0.1483
squat_front_w4_12_0.mp4,2,w4,front,0,0.4256,103.5823,0.0102,0.1967
squat_front_w4_12_0.mp4,3,w4,front,0,0.2789,91.398,0.0383,0.1587
squat_front_w4_12_0.mp4,4,w4,front,0,0.3618,93.992,0.0121,0.1611
squat_front_w4_12_0.mp4,5,w4,front,0,0.42,108.0296,0.7321,0.316
squat_front_w4_12_0.mp4,6,w4,front,0,0.2989,81.3925,0.0374,0.159
squat_front_w4_12_0.mp4,7,w4,front,0,0.3223,87.8627,0.0108,0.1548
squat_front_w4_12_0.mp4,8,w4,front,0,0.4188,101.0113,0.0145,0.1934
squat_front_w4_12_0.mp4,9,w4,front,0,0.5062,105.0842,0.0142,0.2188
squat_front_w4_12_0.mp4,10,w4,front,0,0.4721,101.4843,0.0124,0.2031
squat_front_w4_12_0.mp4,11,w4,front,0,0.2483,89.4451,0.0293,0.1584
squat_side_m1_12_0.mp4,0,m1,side,0,0.2529,65.731,0.6092,0.3345
squat_side_m1_12_0.mp4,1,m1,side,0,0.2538,63.1759,0.2853,0.1521
squat_side_m1_12_0.mp4,2,m1,side,0,0.2182,61.3786,0.0491,0.0939
squat_side_m1_12_0.mp4,3,m1,side,0,0.2284,62.1478,0.0457,0.1027
squat_side_m1_12_0.mp4,4,m1,side,0,0.2278,60.8078,0.0594,0.1028
squat_side_m1_12_0.mp4,5,m1,side,0,0.2425,61.474,0.0661,0.1269
squat_side_m1_12_0.mp4,6,m1,side,0,0.234,61.8923,0.0527,0.1304
squat_side_m1_12_0.mp4,7,m1,side,0,0.2091,61.05,0.052,0.1291
squat_side_m1_12_0.mp4,8,m1,side,0,0.264,62.2018,0.1383,0.1491
squat_side_m1_12_0.mp4,9,m1,side,0,0.204,62.5869,0.1,0.1689
squat_side_m1_12_0.mp4,10,m1,side,0,0.2353,60.9222,0.1729,0.1512
squat_side_m1_12_0.mp4,11,m1,side,0,0.2616,60.7607,0.2577,0.1703
squat_side_m2_9_3.mp4,0,m2,side,0,0.1636,68.5473,0.1407,0.1436
squat_side_m2_9_3.mp4,1,m2,side,0,0.1601,63.395,0.0255,0.1262
squat_side_m2_9_3.mp4,2,m2,side,0,0.1805,64.603,0.0052,0.1096
squat_side_m2_9_3.mp4,3,m2,side,1,0.4519,88.4209,0.3488,0.2209
squat_side_m2_9_3.mp4,4,m2,side,0,0.1872,68.5057,0.0201,0.1131
squat_side_m2_9_3.mp4,5,m2,side,0,0.1689,66.1551,0.0609,0.1203
squat_side_m2_9_3.mp4,6,m2,side,0,0.2023,67.8814,0.0178,0.128
squat_side_m2_9_3.mp4,7,m2,side,0,0.1695,62.338,0.0051,0.1134
squat_side_m2_9_3.mp4,8,m2,side,1,0.3726,83.8793,0.5374,0.1917
squat_side_m2_9_3.mp4,9,m2,side,1,0.3605,81.7986,0.6708,0.2261
squat_side_m2_9_3.mp4,10,m2,side,0,0.1789,67.8626,0.0202,0.1237
squat_side_m2_9_3.mp4,11,m2,side,0,0.0601,63.676,0.0673,0.1303
squat_side_m32_9_3.mp4,0,m3,side,0,-0.0314,58.0919,0.0002,0.0866
squat_side_m32_9_3.mp4,1,m3,side,0,0.0302,62.0109,0.0002,0.0922
squat_side_m32_9_3.mp4,2,m3,side,0,0.1072,60.0157,0.0003,0.0868
squat_side_m32_9_3.mp4,3,m3,side,0,0.1137,60.2121,0.0001,0.0884
squat_side_m32_9_3.mp4,4,m3,side,0,0.1176,60.1285,0.0002,0.0882
squat_side_m32_9_3.mp4,5,m3,side,0,0.058,57.2354,0.0002,0.0862
squat_side_m32_9_3.mp4,6,m3,side,0,0.0727,61.8431,0.0003,0.0916
squat_side_m32_9_3.mp4,7,m3,side,0,0.0802,61.8919,0.0003,0.1058
squat_side_m32_9_3.mp4,8,m3,side,0,0.0765,57.1123,0.0004,0.0986
squat_side_m32_9_3.mp4,9,m3,side,1,0.0458,57.0071,0.9278,0.6002
squat_side_m32_9_3.mp4,10,m3,side,1,0.0922,57.7144,0.9496,0.7321
squat_side_m32_9_3.mp4,11,m3,side,1,0.1037,59.7609,0.3765,0.4306
squat_side_m3_11_0.mp4,0,m3,side,0,0.0024,52.9808,0.002,0.0986
squat_side_m3_11_0.mp4,1,m3,side,0,0.0446,51.8799,0.0011,0.088
squat_side_m3_11_0.mp4,2,m3,side,0,0.0555,54.2174,0.0004,0.0859
squat_side_m3_11_0.mp4,3,m3,side,0,0.009,50.4782,0.0007,0.0906
squat_side_m3_11_0.mp4,4,m3,side,0,0.0827,57.4308,0.0003,0.0935
squat_side_m3_11_0.mp4,5,m3,side,0,0.0838,53.9162,0.0005,0.0888
squat_side_m3_11_0.mp4,6,m3,side,0,0.0753,54.8026,0.0002,0.0835
squat_side_m3_11_0.mp4,7,m3,side,0,0.0562,54.5148,0.0002,0.0854
squat_side_m3_11_0.mp4,8,m3,side,0,0.0291,56.1766,0.0002,0.0851
squat_side_m3_11_0.mp4,9,m3,side,0,-0.016,57.3827,0.0003,0.0948
squat_side_m3_11_0.mp4,10,m3,side,0,-0.0337,54.7383,0.0003,0.0886
squat_side_m4_11_1.mp4,0,m4,side,1,0.3348,85.402,0.981,0.9757
squat_side_m4_11_1.mp4,1,m4,side,0,0.3054,80.3543,0.9977,0.9678
squat_side_m4_11_1.mp4,2,m4,side,0,0.3172,83.2386,0.9931,0.9698
squat_side_m4_11_1.mp4,3,m4,side,0,0.3319,84.9158,0.9809,0.9704
squat_side_m4_11_1.mp4,4,m4,side,0,0.3066,84.2073,0.9651,0.9604
squat_side_m4_11_1.mp4,5,m4,side,0,0.2976,83.1162,0.9881,0.9609
squat_side_m4_11_1.mp4,6,m4,side,0,0.3115,81.8645,0.9789,0.9622
squat_side_m4_11_1.mp4,7,m4,side,0,0.3554,87.7369,0.9861,0.9757
squat_side_m4_11_1.mp4,8,m4,side,0,0.3224,83.3938,0.9984,0.9503
squat_side_m4_11_1.mp4,9,m4,side,0,0.2617,74.7172,0.9989,0.943
squat_side_m4_11_1.mp4,10,m4,side,0,0.232,78.468,0.7619,0.9723
squat_side_m4_11_1.mp4,11,m4,side,0,0.2732,79.6421,0.8646,0.9524
squat_side_w1_12_0.mp4,0,w1,side,0,0.1931,56.5132,0.1423,0.4231
squat_side_w1_12_0.mp4,1,w1,side,0,0.1336,47.767,0.0066,0.1072
squat_side_w1_12_0.mp4,2,w1,side,0,0.1522,47.5742,0.0022,0.0848
squat_side_w1_12_0.mp4,3,w1,side,0,0.0361,46.4621,0.0004,0.083
squat_side_w1_12_0.mp4,4,w1,side,0,0.0893,45.2201,0.0006,0.0788
squat_side_w1_12_0.mp4,5,w1,side,0,0.1285,44.7512,0.0006,0.077
squat_side_w1_12_0.mp4,6,w1,side,0,0.1118,43.866,0.0006,0.0771
squat_side_w1_12_0.mp4,7,w1,side,0,0.1208,43.8276,0.0015,0.0742
squat_side_w1_12_0.mp4,8,w1,side,0,0.1166,43.2216,0.0009,0.0758
squat_side_w1_12_0.mp4,9,w1,side,0,0.1139,42.4698,0.0035,0.0783
squat_side_w1_12_0.mp4,10,w1,side,0,0.1352,44.8447,0.002,0.0805
squat_side_w1_12_0.mp4,11,w1,side,0,0.1008,43.268,0.0011,0.0805
squat_side_w2_12_0.mp4,0,w2,side,0,0.1071,57.0289,0.0035,0.147
squat_side_w2_12_0.mp4,1,w2,side,0,0.0256,53.1285,0.0054,0.1766
squat_side_w2_12_0.mp4,2,w2,side,0,0.1389,59.1067,0.0029,0.1568
squat_side_w2_12_0.mp4,3,w2,side,0,0.0687,55.7544,0.0043,0.1523
squat_side_w2_12_0.mp4,4,w2,side,0,0.1043,56.1336,0.001,0.131
squat_side_w2_12_0.mp4,5,w2,side,0,0.0846,56.8415,0.0015,0.1341
squat_side_w2_12_0.mp4,6,w2,side,0,0.0879,57.872,0.0016,0.141
squat_side_w2_12_0.mp4,7,w2,side,0,0.0702,58.2005,0.0024,0.1392
squat_side_w2_12_0.mp4,8,w2,side,0,0.0983,59.0835,0.0018,0.1394
squat_side_w2_12_0.mp4,9,w2,side,0,0.1143,60.2708,0.0015,0.1339
squat_side_w2_12_0.mp4,10,w2,side,0,0.0974,59.2201,0.0028,0.1484
squat_side_w2_12_0.mp4,11,w2,side,0,0.0585,59.4021,0.0051,0.1951
squat_side_w4_7_6.mp4,0,w4,side,1,0.3475,82.7463,0.0333,0.2691
squat_side_w4_7_6.mp4,1,w4,side,1,0.3657,82.1498,0.034,0.2603
squat_side_w4_7_6.mp4,2,w4,side,0,0.0533,61.4482,0.0015,0.1723
squat_side_w4_7_6.mp4,3,w4,side,0,0.0573,61.331,0.0006,0.1461
squat_side_w4_7_6.mp4,4,w4,side,0,0.0205,59.8876,0.0004,0.1568
squat_side_w4_7_6.mp4,5,w4,side,1,0.0264,57.3752,0.4111,0.6909
squat_side_w4_7_6.mp4,6,w4,side,1,0.0342,57.9979,0.9892,0.7963
squat_side_w4_7_6.mp4,7,w4,side,0,0.065,60.9133,0.0171,0.2644
squat_side_w4_7_6.mp4,8,w4,side,0,0.0299,62.0556,0.0004,0.1613
squat_side_w4_7_6.mp4,9,w4,side,0,0.0416,59.3516,0.0004,0.152
squat_side_w4_7_6.mp4,10,w4,side,1,0.2848,77.5704,0.0029,0.2488
squat_side_w4_7_6.mp4,11,w4,side,1,0.093,59.2387,0.861,0.7421
squat_side_w4_7_6.mp4,12,w4,side,0,0.0484,56.8148,0.1987,0.3149
